{
  "project_info": {
    "project_number": "1093717718652",
    "project_id": "ddsgp-fa7e5",
    "storage_bucket": "ddsgp-fa7e5.appspot.com"
  },
  "client": [
    {
      "client_info": {
        "mobilesdk_app_id": "1:1093717718652:android:0c7288bedf3a696d353bf9",
        "android_client_info": {
          "package_name": "com.example.designerdiary"
        }
      },
      "oauth_client": [
        {
          "client_id": "1093717718652-o6n4nfhg77bdtlqdnj6urp4c35stmg1t.apps.googleusercontent.com",
          "client_type": 3
        }
      ],
      "api_key": [
        {
          "current_key": "AIzaSyCDM5vL5w280EagOT0zAL87Y76w-fFmL_Y"
        }
      ],
      "services": {
        "appinvite_service": {
          "other_platform_oauth_client": [
            {
              "client_id": "1093717718652-o6n4nfhg77bdtlqdnj6urp4c35stmg1t.apps.googleusercontent.com",
              "client_type": 3
            }
          ]
        }
      }
    }
  ],
  "configuration_version": "1"
}